{"mean": [27.023952095808383, 2.5518518518518514, 17.020531400966185, 2.304236200256739, 0.14963503649635038, 1.2538498706021899, 0.46582316094720194, 0.6516393442622951, 2.3029158484180323, 0.11479944674965421, 0.5276210235131397, 0.10748299319727891, 0.18095238095238095, 0.0598639455782313, 0.0, 0.005442176870748299, 0.05850340136054422, 0.02448979591836735, 0.001360544217687075, 0.001360544217687075, 0.001360544217687075, 0.0, 0.02448979591836735, 0.001360544217687075, 0.00272108843537415, 0.08982035928143713, 0.02155688622754491, 0.010778443113772455, 0.02155688622754491, 0.02874251497005988, 0.041916167664670656, 0.08742514970059881, 0.05149700598802395], "scale": [8.477905130331596, 1.6503754688827892, 2.803473244914313, 1.40524936331627, 0.3539256163790354, 4.105867750613901, 2.2372782946474077, 0.44609823142453964, 3.5500406862900844, 0.2966310757717529, 1.8276157394841266, 0.2905885902566088, 0.5326842357438223, 0.22257606220466822, 1.0, 0.06902426278718071, 0.2201914075931217, 0.14501366309143726, 0.03458287721035488, 0.03458287721035488, 0.03458287721035487, 1.0, 0.14501366309143726, 0.03458287721035488, 0.0488742468356046, 0.3061514498482447, 0.14523149411789993, 0.10325826009484969, 0.14523149411789993, 0.16708196432666148, 0.20039761114588636, 0.2824570638175415, 0.22100919519851064]}