{"mean": [3.40379753657533e-17, 3.1591495886339785e-16, -4.2972943899263546e-16, 1.616803829873282e-16, -1.1700554031977697e-17, -4.892958958827037e-17, 3.8292722286472466e-17, -1.2764240762157488e-17, 1.4466139530445154e-16, -3.40379753657533e-17, 4.254746920719163e-17, -1.2764240762157488e-17, -6.382120381078744e-18, 4.4142999302461316e-17, 0.0, 1.701898768287665e-17, 1.8082674413056442e-17, -1.0636867301797908e-17, -6.382120381078744e-18, -8.509493841438325e-18, -1.2764240762157488e-17, 0.0, -8.509493841438325e-18, -4.254746920719163e-18, 8.509493841438325e-18, -8.08401914936641e-17, 6.80759507315066e-17, -4.254746920719163e-18, 6.382120381078744e-17, -1.701898768287665e-17, 6.80759507315066e-17, -1.1700554031977697e-17, 6.80759507315066e-17], "scale": [0.9999999999999999, 1.0, 1.0, 0.9999999999999999, 1.0, 1.0, 0.9999999999999999, 0.9999999999999999, 1.0, 1.0, 1.0, 0.9999999999999999, 1.0, 0.9999999999999996, 1.0, 1.0, 0.9999999999999999, 0.9999999999999999, 0.9999999999999999, 0.9999999999999997, 0.9999999999999999, 1.0, 0.9999999999999999, 0.9999999999999999, 1.0, 0.9999999999999999, 0.9999999999999997, 0.9999999999999999, 0.9999999999999997, 1.0, 0.9999999999999999, 0.9999999999999999, 1.0]}